FileName, CommitSha
Detections\NRTSecurityEventLogCleared.json,27e8c53daa216192d7cefaf3976f30e443342ce7
Detections\FailedLogon.json,e771d531f19ce6723ee80aa2f86f4a662b3069f6
Detections\NSGDeleted.json,3013971e00db2ffb6684c910ce1669cfa2d1e663
Detections\LogonFromOutsideUS.json,51d0bd1fa18b5a872a8914b1453499025820d120
Detections\ResourceGroupDeleted.json,d3b38833f492dbb78afd013647233f7890bd734c
Detections\Heartbeat.json,2f7a39162a1e480d78669d91fc9e8b7491cbd9c5
Detections\NSGPortsDeletedFromRule.json,c2a4f26d7b88dfeaf4b0af985c4a179f8dad6d42
Detections\VM Creation.json,7c9e5b69dfe9c86c4470fd6209c0a34a9c3d3c30
Detections\ShutdownVM.json,a3869c03adf6a6ea349c13811be2cca06f6e7b15
Detections\ResourceGroupCreated.json,d4b986d040b72f32ca0b36f59d488adfdceadb24
Detections\BadPorts.json,cbba0441947faa1a3114b9b99b16b4492f6a79fc
Detections\UnusualAzureActivity.json,024a28cffe9472df140c24584f3f896646a3796b
Detections\NSGPortsAddedToRule.json,b71b0df085ecf5a94122affa06692f5163987d07
Detections\NSGCreated.json,1c9e77faddaf2d6f3a669d2cc882237906adebfe
